<window>
  <defaultcontrol always="false">602</defaultcontrol>
  <allowoverlay>yes</allowoverlay>
  <zorder>2</zorder>
  <include>OSDFade</include>
  <controls>
    <control type="group">
      <visible>![Window.IsActive(DialogSelect.xml) | Window.IsActive(SliderDialog) | Window.IsActive(OSDVideoSettings) | Window.IsActive(OSDAudioSettings) | Window.IsActive(VideoBookmarks) | Window.IsActive(script-XBMC-Subtitles-main.xml)]</visible>
      <include>OSDFade</include>
      <posx>0</posx>
      <posy>0</posy>
      <control type="group">
        <control type="group" description="Dialog Background">
          <control type="image" description="Background">
            <posx>0</posx>
            <posy>926</posy>
            <width>1920</width>
            <height>350</height>
            <texture>img/BlackDotT.png</texture>
          </control>
          <control type="image" description="Background">
            <posx>0</posx>
            <posy>900</posy>
            <width>1920</width>
            <height>400</height>
            <texture border="0,30,0,0">OSD/OSDBackground.png</texture>
          </control>
          <control type="image">
            <posx>610</posx>
            <posy>1045</posy>
            <width>700</width>
            <height>1</height>
            <aspectratio>stretch</aspectratio>
            <texture>img/LineST.png</texture>
          </control>
        </control>
      </control>
      <control type="group" id="100">
        <visible>!VideoPlayer.Content(LiveTV)</visible>
        <posx>660</posx>
        <posy>145r</posy>
        <onup>noop</onup>
        <ondown>702</ondown>
        <defaultcontrol always="true">602</defaultcontrol>
        
        <control type="button" id="600">
          <posx>-60</posx>
          <posy>-40</posy>
          <width>170</width>
          <height>185</height>
          <label>$LOCALIZE[210]</label>
          <font>-</font>
          <texturefocus>VideoOSD/OSDPreviousFO.png</texturefocus>
          <texturenofocus>VideoOSD/OSDPreviousNF.png</texturenofocus>
          <onleft>605</onleft>
          <onright>601</onright>
          <onup>noop</onup>
          <ondown>702</ondown>
          <onclick>PlayerControl(Previous)</onclick>
        </control>
        <control type="button" id="601">
          <posx>50</posx>
          <posy>-40</posy>
          <width>170</width>
          <height>185</height>
          <label>$LOCALIZE[31354]</label>
          <font>-</font>
          <texturefocus>VideoOSD/OSDRWFO.png</texturefocus>
          <texturenofocus>VideoOSD/OSDRWNF.png</texturenofocus>
          <onleft>600</onleft>
          <onright>602</onright>
          <onup>noop</onup>
          <ondown>702</ondown>
          <onclick>PlayerControl(Rewind)</onclick>
        </control>
        <control type="togglebutton" id="602">
          <posx>160</posx>
          <posy>-40</posy>
          <width>170</width>
          <height>185</height>
          <label>$LOCALIZE[31351]</label>
          <altlabel>$LOCALIZE[208]</altlabel>
          <font>-</font>
          <texturefocus>VideoOSD/OSDPauseFO.png</texturefocus>
          <texturenofocus>VideoOSD/OSDPauseNF.png</texturenofocus>
          <usealttexture>Player.Paused | Player.Forwarding | Player.Rewinding</usealttexture>
          <alttexturefocus>VideoOSD/OSDPlayFO.png</alttexturefocus>
          <alttexturenofocus>VideoOSD/OSDPlayNF.png</alttexturenofocus>
          <onleft>601</onleft>
          <onright>603</onright>
          <ondown>702</ondown>
          <onup>Close</onup>
          <onup>XBMC.ActivateWindow(142)</onup>
          <onclick>PlayerControl(Play)</onclick>
        </control>
        <control type="button" id="603">
          <posx>260</posx>
          <posy>-40</posy>
          <width>170</width>
          <height>185</height>
          <label>$LOCALIZE[31352]</label>
          <font>-</font>
          <texturefocus>VideoOSD/OSDStopFO.png</texturefocus>
          <texturenofocus>VideoOSD/OSDStopNF.png</texturenofocus>
          <onleft>602</onleft>
          <onright>604</onright>
          <onup>Close</onup>
          <onup>XBMC.ActivateWindow(142)</onup>
          <ondown>702</ondown>
          <onclick>PlayerControl(Stop)</onclick>
        </control>
        <control type="button" id="604">
          <posx>380</posx>
          <posy>-40</posy>
          <width>170</width>
          <height>185</height>
          <label>$LOCALIZE[31353]</label>
          <font>-</font>
          <texturefocus>VideoOSD/OSDFWFO.png</texturefocus>
          <texturenofocus>VideoOSD/OSDFWNF.png</texturenofocus>
          <onleft>603</onleft>
          <onright>605</onright>
          <onup>noop</onup>
          <ondown>702</ondown>
          <onclick>PlayerControl(Forward)</onclick>
        </control>
        <control type="button" id="605">
          <posx>490</posx>
          <posy>-40</posy>
          <width>170</width>
          <height>185</height>
          <label>$LOCALIZE[209]</label>
          <font>-</font>
          <texturefocus>VideoOSD/OSDNextFO.png</texturefocus>
          <texturenofocus>VideoOSD/OSDNextNF.png</texturenofocus>
          <onleft>604</onleft>
          <onright>600</onright>
          <onup>noop</onup>
          <ondown>702</ondown>
          <onclick>PlayerControl(Next)</onclick>
        </control>
        
        <control type="togglebutton" id="250">
            <posx>200r</posx>
            <posy>-40</posy>
            <width>185</width>
            <height>185</height>
            <label>31356</label>
            <font>-</font>
            <texturefocus>VideoOSD/OSDSubtitlesFO.png</texturefocus>
            <texturenofocus>VideoOSD/OSDSubtitlesNF.png</texturenofocus>
            <alttexturefocus>VideoOSD/OSDSubtitlesFO.png</alttexturefocus>
            <alttexturenofocus>VideoOSD/OSDSubtitlesNF.png</alttexturenofocus>
            <onleft>205</onleft>
            <onright>251</onright>
            <onup>1000</onup>
            <ondown>1000</ondown>
            <onclick>Close</onclick>
            <!-- <onclick>XBMC.RunScript(script.xbmc.subtitles)</onclick> -->
            <onclick>XBMC.RunScript(special://home\addons\plugin.video.mvl.staging\script_subtitles.py)</onclick>
<!--             
            <altclick>Skin.SetAddon(SubtitleScript_Path,xbmc.python.subtitles)</altclick>
            <altclick condition="Window.IsVisible(VideoOSD)">Dialog.Close(VideoOSD)</altclick>
            <altclick condition="!IsEmpty(Skin.String(SubtitleScript_Path))">XBMC.RunScript($INFO[Skin.String(SubtitleScript_Path)])</altclick>
 -->            
            <usealttexture>IsEmpty(Skin.String(SubtitleScript_Path))</usealttexture>
        </control>
        
      </control>
      
      
      <control type="group" id="100">
        <visible>VideoPlayer.Content(LiveTV)</visible>
        <posx>723</posx>
        <posy>140r</posy>
        <onup>noop</onup>
        <ondown>701</ondown>
        <defaultcontrol always="true">602</defaultcontrol>
        <control type="button" id="600">
          <posx>0</posx>
          <posy>0</posy>
          <width>90</width>
          <height>98</height>
          <label>$LOCALIZE[210]</label>
          <font>-</font>
          <texturefocus>VideoOSD/OSDChannelDownFO.png</texturefocus>
          <texturenofocus>VideoOSD/OSDChannelDownNF.png</texturenofocus>
          <onleft>605</onleft>
          <onright>601</onright>
          <onup>noop</onup>
          <ondown>701</ondown>
          <onclick>PlayerControl(Previous)</onclick>
        </control>
        <control type="button" id="601">
          <posx>70</posx>
          <posy>0</posy>
          <width>90</width>
          <height>98</height>
          <label>$LOCALIZE[31354]</label>
          <font>-</font>
          <texturefocus>VideoOSD/OSDChannelUpFO.png</texturefocus>
          <texturenofocus>VideoOSD/OSDChannelUpNF.png</texturenofocus>
          <onleft>600</onleft>
          <onright>602</onright>
          <onup>noop</onup>
          <ondown>701</ondown>
          <onclick>PlayerControl(Next)</onclick>
        </control>
        <control type="togglebutton" id="602">
          <posx>151</posx>
          <posy>0</posy>
          <width>90</width>
          <height>98</height>
          <label>$LOCALIZE[31351]</label>
          <altlabel>$LOCALIZE[208]</altlabel>
          <font>-</font>
          <texturefocus>VideoOSD/OSDPauseFO.png</texturefocus>
          <texturenofocus>VideoOSD/OSDPauseNF.png</texturenofocus>
          <usealttexture>Player.Paused | Player.Forwarding | Player.Rewinding</usealttexture>
          <alttexturefocus>VideoOSD/OSDPlayFO.png</alttexturefocus>
          <alttexturenofocus>VideoOSD/OSDPlayNF.png</alttexturenofocus>
          <onleft>601</onleft>
          <onright>603</onright>
          <ondown>701</ondown>
          <onup>Close</onup>
          <onup>XBMC.ActivateWindow(142)</onup>
          <onclick>PlayerControl(Play)</onclick>
        </control>
        <control type="button" id="603">
          <posx>225</posx>
          <posy>0</posy>
          <width>90</width>
          <height>98</height>
          <label>$LOCALIZE[31352]</label>
          <font>-</font>
          <texturefocus>VideoOSD/OSDStopFO.png</texturefocus>
          <texturenofocus>VideoOSD/OSDStopNF.png</texturenofocus>
          <onleft>602</onleft>
          <onright>604</onright>
          <onup>Close</onup>
          <onup>XBMC.ActivateWindow(142)</onup>
          <ondown>701</ondown>
          <onclick>PlayerControl(Stop)</onclick>
        </control>
        <control type="button" id="604">
          <posx>305</posx>
          <posy>0</posy>
          <width>90</width>
          <height>98</height>
          <label>$LOCALIZE[31353]</label>
          <font>-</font>
          <texturefocus>VideoOSD/OSDChannelsFO.png</texturefocus>
          <texturenofocus>VideoOSD/OSDChannelsNF.png</texturenofocus>
          <onleft>603</onleft>
          <onright>605</onright>
          <onup>noop</onup>
          <ondown>701</ondown>
          <onclick>ActivateWindow(PVROSDChannels)</onclick>
          <onclick>Dialog.Close(VideoOSD)</onclick>
        </control>
        <control type="button" id="605">
          <posx>380</posx>
          <posy>0</posy>
          <width>90</width>
          <height>98</height>
          <label>$LOCALIZE[209]</label>
          <font>-</font>
          <texturefocus>VideoOSD/OSDEpgFO.png</texturefocus>
          <texturenofocus>VideoOSD/OSDEpgNF.png</texturenofocus>
          <onleft>604</onleft>
          <onright>600</onright>
          <onup>noop</onup>
          <ondown>701</ondown>
          <onclick>ActivateWindow(PVROSDGuide)</onclick>
          <onclick>Dialog.Close(VideoOSD)</onclick>
        </control>
        
      </control>
      <control type="group" id="101">
        <visible>!VideoPlayer.Content(LiveTV)</visible>
        <posx>765</posx>
        <posy>81r</posy>
        <onup>609</onup>
        <ondown>609</ondown>
        <!--control type="togglebutton" id="700">
          <enable>VideoPlayer.HasMenu</enable>
          <posx>0</posx>
          <posy>4</posy>
          <width>90</width>
          <height>98</height>
          <label>$LOCALIZE[31355]</label>
          <font>-</font>
          <texturefocus>VideoOSD/OSDDVDFO.png</texturefocus>
          <texturenofocus>VideoOSD/OSDDVDNF.png</texturenofocus>
          <alttexturenofocus>VideoOSD/OSDDVDDisabled.png</alttexturenofocus>
          <usealttexture>!VideoPlayer.HasMenu</usealttexture>
          <onleft>704</onleft>
          <onright>701</onright>
          <onup>602</onup>
          <ondown>Close</ondown>
          <onclick>PlayerControl(ShowVideoMenu)</onclick>
        </control>
        <control type="button" id="701">
          <posx>75</posx>
          <posy>8</posy>
          <width>81</width>
          <height>90</height>
          <label>$LOCALIZE[13395]</label>
          <font>-</font>
          <texturefocus>VideoOSD/OSDVideoFO.png</texturefocus>
          <texturenofocus>VideoOSD/OSDVideoNF.png</texturenofocus>
          <onleft>700</onleft>
          <onright>702</onright>
          <onup>602</onup>
          <ondown>Close</ondown>
          <onclick>ActivateWindow(OSDVideoSettings)</onclick>
        </control>
        <control type="togglebutton" id="702">
          <posx>153</posx>
          <posy>8</posy>
          <width>81</width>
          <height>90</height>
          <label>$LOCALIZE[31356]</label>
          <altlabel>$LOCALIZE[31356]</altlabel>
          <font>-</font>
          <texturefocus>VideoOSD/OSDSubtitlesFO.png</texturefocus>
          <texturenofocus>VideoOSD/OSDSubtitlesNF.png</texturenofocus>
          <alttexturefocus>VideoOSD/OSDSubtitlesFO.png</alttexturefocus>
          <alttexturenofocus>VideoOSD/OSDSubtitlesNF.png</alttexturenofocus>
          <usealttexture>IsEmpty(Skin.String(SubtitleScript_Path))</usealttexture>
          <onleft>701</onleft>
          <onright>703</onright>
          <onup>602</onup>
          <ondown>Close</ondown>
          <onclick>Close</onclick>
          <onclick>XBMC.RunScript($INFO[Skin.String(SubtitleScript_Path)])</onclick>
          <altclick>Close</altclick>
          <altclick>Skin.SetAddon(SubtitleScript_Path,xbmc.python.subtitles)</altclick>
          <altclick>XBMC.RunScript($INFO[Skin.String(SubtitleScript_Path)])</altclick>
        </control>
        <control type="button" id="703">
          <posx>214</posx>
          <posy>-6</posy>
          <width>110</width>
          <height>115</height>
          <label>$LOCALIZE[292] &amp; $LOCALIZE[287]</label>
          <font>-</font>
          <texturefocus>VideoOSD/OSDAudioFO.png</texturefocus>
          <texturenofocus>VideoOSD/OSDAudioNF.png</texturenofocus>
          <onleft>702</onleft>
          <onright>704</onright>
          <onup>602</onup>
          <ondown>Close</ondown>
          <onclick>ActivateWindow(OSDAudioSettings)</onclick>
        </control>
        <control type="button" id="704">
          <posx>296</posx>
          <posy>5</posy>
          <width>87</width>
          <height>93</height>
          <label>$LOCALIZE[298]</label>
          <font>-</font>
          <texturefocus>VideoOSD/OSDBookmarksFO.png</texturefocus>
          <texturenofocus>VideoOSD/OSDBookmarksNF.png</texturenofocus>
          <onleft>703</onleft>
          <onright>700</onright>
          <onup>602</onup>
          <ondown>Close</ondown>
          <onclick>ActivateWindow(VideoBookmarks)</onclick>
        </control-->
      </control>
      <control type="group" id="101">
        <visible>VideoPlayer.Content(LiveTV)</visible>
        <posx>800</posx>
        <posy>81r</posy>
        <onup>609</onup>
        <ondown>609</ondown>
        <!--control type="button" id="700">
          <enable>Player.CanRecord</enable>
          <posx>0</posx>
          <posy>4</posy>
          <width>90</width>
          <height>98</height>
          <label>$LOCALIZE[31355]</label>
          <font>-</font>
          <texturefocus>VideoOSD/OSDrecordFO.png</texturefocus>
          <texturenofocus>VideoOSD/OSDRecordNF.png</texturenofocus>
          <onleft>704</onleft>
          <onright>701</onright>
          <onup>602</onup>
          <ondown>Close</ondown>
          <onclick>PlayerControl(Record)</onclick>
          <animation effect="fade" start="100" end="50" time="100" condition="!Player.CanRecord">Conditional</animation>
        </control>
        <control type="button" id="701">
          <posx>75</posx>
          <posy>8</posy>
          <width>81</width>
          <height>90</height>
          <label>$LOCALIZE[31356]</label>
          <altlabel>$LOCALIZE[31356]</altlabel>
          <font>-</font>
          <texturefocus>VideoOSD/OSDBookmarksFO.png</texturefocus>
          <texturenofocus>VideoOSD/OSDBookmarksNF.png</texturenofocus>
          <onleft>700</onleft>
          <onright>702</onright>
          <onup>602</onup>
          <ondown>Close</ondown>
          <onclick>Dialog.Close(VideoOSD)</onclick>
          <onclick>ActivateWindow(Teletext)</onclick>
          <onclick>ActivateWindow(Teletext)</onclick>
        </control>
        <control type="button" id="702">
          <posx>153</posx>
          <posy>8</posy>
          <width>81</width>
          <height>90</height>
          <label>$LOCALIZE[13395]</label>
          <font>-</font>
          <texturefocus>VideoOSD/OSDVideoFO.png</texturefocus>
          <texturenofocus>VideoOSD/OSDVideoNF.png</texturenofocus>
          <onleft>701</onleft>
          <onright>703</onright>
          <onup>602</onup>
          <ondown>Close</ondown>
          <onclick>ActivateWindow(OSDVideoSettings)</onclick>
        </control>
        <control type="button" id="703">
          <posx>214</posx>
          <posy>-6</posy>
          <width>110</width>
          <height>115</height>
          <label>$LOCALIZE[292] &amp; $LOCALIZE[287]</label>
          <font>-</font>
          <texturefocus>VideoOSD/OSDAudioFO.png</texturefocus>
          <texturenofocus>VideoOSD/OSDAudioNF.png</texturenofocus>
          <onleft>702</onleft>
          <onright>704</onright>
          <onup>602</onup>
          <ondown>Close</ondown>
          <onclick>ActivateWindow(OSDAudioSettings)</onclick>
        </control>
        <control type="button" id="704">
          <visible>false</visible>
          <posx>296</posx>
          <posy>5</posy>
          <width>87</width>
          <height>93</height>
          <label>$LOCALIZE[298]</label>
          <font>-</font>
          <texturefocus>VideoOSD/OSDBookmarksFO.png</texturefocus>
          <texturenofocus>VideoOSD/OSDBookmarksNF.png</texturenofocus>
          <onleft>703</onleft>
          <onright>700</onright>
          <onup>602</onup>
          <ondown>Close</ondown>
          <onclick>ActivateWindow(VideoBookmarks)</onclick>
        </control-->
      </control>
    </control>
  </controls>
</window>