<window type="dialog" id="1234">
	<defaultcontrol always="true">9001</defaultcontrol>
	<coordinates>
	<system>1</system>
	<posx>0</posx>
	<posy>0</posy>
	</coordinates>
	<controls>

		<control type="group" description="MENU">
			<animation type="WindowOpen">
				<effect type="zoom" start="95" end="100" center="960,540" time="200" />
				<effect type="fade" start="80" end="100" time="200" />
			</animation>
			<animation type="WindowClose">
				<effect type="zoom" start="100" end="95" center="960,540" time="100" />
				<effect type="fade" start="100" end="0" time="100" />
			</animation>
			<control type="image" description="Menu BG">
				<posx>699</posx>
				<posy>300</posy>
				<height>300</height>
				<width>600</width>
				<texture border="0,40,0,40">dialogs/ContextMenu.png</texture>
			</control>
		</control>


      <control type="grouplist" id="9001" description="Custom Popup for video">
        <posx>718</posx>
        <posy>362</posy>
        <width>562</width>
        <height>5000</height>
        <itemgap>-2</itemgap>
        <onup>9001</onup>
        <ondown>9001</ondown>
        <onleft>2</onleft>
        <onright>9</onright>
        <orientation>vertical</orientation>

        <control type="button" id="20" description="ViewUrl">
          <label>View Complete URL</label>
          <width>560</width>
          <textoffsetx>30</textoffsetx>
        </control>

        <control type="button" id="21" description="WatchTrailer">
          <label>Watch Official Trailer</label>
          <width>560</width>
          <textoffsetx>30</textoffsetx>
        </control>

        <control type="button" id="22" description="PlayItem">
          <label>Play Item</label>
          <width>560</width>
          <textoffsetx>30</textoffsetx>
        </control>

      </control>

	</controls>
</window>