<window>
  <allowoverlay>no</allowoverlay>
  <coordinates>
    <system>1</system>
    <posx>0</posx>
    <posy>0</posy>
  </coordinates>
  <include>OpenClose</include>
  <controls>
    <control type="group" id="250">
      <posx>-230</posx>
      <control type="image" description="BG">
        <posx>490</posx>
        <posy>125</posy>
        <width>1400</width>
        <height>780</height>
        <texture border="24,21,24,24">dialogs/TinyDialog.png</texture>
      </control>

      <control type="image" description="BG">
        <posx>1500</posx>
        <posy>235</posy>
        <width>350</width>
        <height>640</height>
        <texture border="9">img/WhiteRoundedT.png</texture>
      </control>
      <!-- ** Required ** Do not change <id>or<type>-->
      <control type="group">
        <posx>500</posx>
        <posy>160</posy>
        <control type="image" id="110">
          <description>Service Logo</description>
          <posx>-30</posx>
          <posy>-12</posy>
          <width>375</width>
          <height>60</height>
          <aspectratio>keep</aspectratio>
        </control>
        <control type="group" id="111">
          <control type="grouplist">
            <posx>-100</posx>
            <posy>641</posy>
            <width>1245</width>
            <height>60</height>
            <align>center</align>
            <orientation>horizontal</orientation>
            <itemgap>8</itemgap>
            <control type="label" description="Notification Local subtitle available">
              <width>1245</width>
              <height>60</height>
              <textcolor>Orange</textcolor>
              <label>$LOCALIZE[SCRIPT655]</label>
              <font>size22</font>
              <align>center</align>
              <aligny>center</aligny>
              <wrapmultiline>true</wrapmultiline>
            </control>
          </control>
        </control>

        <control type="label" id="100" description="Textarea">
          <posx>-120</posx>
          <posy>90</posy>
          <width>1320</width>
          <height>60</height>
          <font>Details</font>
          <textcolor>Silver</textcolor>
          <align>center</align>
          <aligny>center</aligny>
          <wrapmultiline>true</wrapmultiline>
        </control>
      </control>
      <!-- ** Required ** Do not change <id>or<type>-->
      <control type="list" id="120">
        <posx>525</posx>
        <posy>310</posy>
        <width>950</width>
        <height>538</height>
        <onleft>60</onleft>
        <onright>150</onright>
        <onup>120</onup>
        <ondown>120</ondown>
        <viewtype label="535">list</viewtype>
        <pagecontrol>60</pagecontrol>
        <scrolltime>200</scrolltime>
        <itemlayout width="1250" height="54">
          <control type="image">
            <posx>0</posx>
            <posy>0</posy>
            <width>1250</width>
            <height>54</height>
            <texture border="3">buttons/ButtonNF.png</texture>
          </control>
          <control type="image">
            <posx>10</posx>
            <posy>0</posy>
            <width>33</width>
            <height>54</height>
            <aspectratio>keep</aspectratio>
            <info>Listitem.Thumb</info>
          </control>
          
          <control type="label">
            <posx>54</posx>
            <posy>0</posy>
            <width>250</width>
            <height>54</height>
            <font>ListDetails</font>
            <aligny>center</aligny>
            <textcolor>Grey</textcolor>
            <scroll>false</scroll>
            <align>left</align>
            <info>ListItem.Label</info>
          </control>
          <control type="image">
            <posx>204</posx>
            <posy>0</posy>
            <width>60</width>
            <height>54</height>
            <aspectratio>keep</aspectratio>
            <texture>icon_sync.png</texture>
            <visible>ListItem.property(sync)</visible>
          </control>
          <control type="image">
            <posx>276</posx>
            <posy>0</posy>
            <width>24</width>
            <height>54</height>
            <aspectratio>keep</aspectratio>
            <texture>icon_cc.png</texture>
            <visible>ListItem.property(hearing_imp)</visible>
          </control>
          <control type="label">
            <posx>315</posx>
            <posy>0</posy>
            <width>900</width>
            <height>54</height>
            <font>ListDetails</font>
            <aligny>center</aligny>
            <textcolor>Grey</textcolor>
            <scroll>false</scroll>
            <align>left</align>
            <info>ListItem.Label2</info>
          </control>
          <control type="image">
            <posx>1230</posx>
            <posy>0</posy>
            <width>120</width>
            <height>54</height>
            <colordiffuse>Grey</colordiffuse>
            <aspectratio>keep</aspectratio>
            <texture>info_window_icon_rating_star_$INFO[ListItem.ActualIcon].png</texture>
          </control>
        </itemlayout>
        <focusedlayout width="1250" height="54">
          <control type="image">
            <posx>0</posx>
            <posy>0</posy>
            <width>1250</width>
            <height>54</height>
            <texture border="3">buttons/ButtonNF.png</texture>
          </control>
          <control type="image">
            <posx>0</posx>
            <posy>0</posy>
            <width>1250</width>
            <height>54</height>
            <texture border="5">buttons/ButtonFO.png</texture>
            <visible>Control.HasFocus(120)</visible>
          </control>
          <control type="image">
            <posx>10</posx>
            <posy>0</posy>
            <width>33</width>
            <height>54</height>
            <aspectratio>keep</aspectratio>
            <info>Listitem.Thumb</info>
          </control>
          <control type="label">
            <posx>54</posx>
            <posy>0</posy>
            <width>250</width>
            <height>54</height>
            <font>ListDetails</font>
            <aligny>center</aligny>
            <textcolor>White2</textcolor>
            <align>left</align>
            <info>ListItem.Label</info>
          </control>
          <control type="image">
            <posx>204</posx>
            <posy>0</posy>
            <width>60</width>
            <height>54</height>
            <aspectratio>keep</aspectratio>
            <texture>icon_sync.png</texture>
            <visible>ListItem.property(sync)</visible>
          </control>
          <control type="image">
            <posx>276</posx>
            <posy>0</posy>
            <width>24</width>
            <height>54</height>
            <aspectratio>keep</aspectratio>
            <texture>icon_cc.png</texture>
            <visible>ListItem.property(hearing_imp)</visible>
          </control>
          <control type="label">
            <posx>315</posx>
            <posy>0</posy>
            <width>900</width>
            <height>54</height>
            <font>ListDetails</font>
            <aligny>center</aligny>
            <textcolor>White2</textcolor>
            <align>left</align>
            <info>ListItem.Label2</info>
          </control>
          <control type="image">
            <posx>1230</posx>
            <posy>0</posy>
            <width>120</width>
            <height>54</height>
            <aspectratio>keep</aspectratio>
            <texture>info_window_icon_rating_star_$INFO[ListItem.ActualIcon].png</texture>
          </control>
        </focusedlayout>
      </control>
      
      <control type="group" id="250">
        <posx>-100</posx>
        <posy>35</posy>
        <control type="label" description="XBMC Subtitles label">
          <posx>1600</posx>
          <posy>220</posy>
          <width>350</width>
          <height>30</height>
          <label>Available Languages</label>
          <font>ListDetails</font>
          <align>center</align>
        </control>
        <control type="list" id="150">
          <posx>1600</posx>
          <posy>285</posy>
          <width>350</width>
          <height>340</height>
          <onleft>120</onleft>
          <onright>120</onright>
          <onup>150</onup>
          <ondown>150</ondown>
          <scrolltime>200</scrolltime>
          <itemlayout width="390" height="54">
            <control type="image">
              <posx>0</posx>
              <posy>0</posy>
              <height>54</height>
              <width>350</width>
              <texture border="3">buttons/ButtonNF.png</texture>
            </control>
            <control type="label">
              <posx>20</posx>
              <posy>0</posy>
              <width>320</width>
              <height>54</height>
              <font>ListDetails</font>
              <info>ListItem.Label</info>
              <visible>!ListItem.property(man)</visible>
            </control>
            <control type="label">
              <posx>10</posx>
              <posy>0</posy>
              <width>350</width>
              <height>54</height>
              <font>ListDetails</font>
              <info>ListItem.Label</info>
              <visible>ListItem.property(man)</visible>
            </control>
          </itemlayout>
          <focusedlayout width="390" height="54">
            <control type="image">
              <posx>0</posx>
              <posy>0</posy>
              <height>54</height>
              <width>350</width>
              <texture border="3">buttons/ButtonNF.png</texture>
            </control>
            <control type="image">
              <posx>0</posx>
              <posy>0</posy>
              <height>54</height>
              <width>350</width>
              <texture border="5">buttons/ButtonFO.png</texture>
              <visible>Control.HasFocus(150)</visible>
            </control>
            <control type="label">
              <posx>20</posx>
              <posy>0</posy>
              <height>54</height>
              <width>320</width>
              <font>ListDetails</font>
              <info>ListItem.Label</info>
              <visible>!ListItem.property(man)</visible>
            </control>
            <control type="label">
              <posx>10</posx>
              <posy>0</posy>
              <height>54</height>
              <width>350</width>
              <font>ListDetails</font>
              <info>ListItem.Label</info>
              <visible>ListItem.property(man)</visible>
            </control>
          </focusedlayout>
        </control>
      </control>
      <!--<control type="scrollbar" id="60">-->
        <!--<posx>293</posx>-->
        <!--<posy>330</posy>-->
        <!--<width>36</width>-->
        <!--<height>500</height>-->
        <!--<texturesliderbackground>-</texturesliderbackground>-->
        <!--<texturesliderbar>-</texturesliderbar>-->
        <!--<texturesliderbarfocus>-</texturesliderbarfocus>-->
        <!--<textureslidernib border="18">OSD/ScrollbarNibNF.png</textureslidernib>-->
        <!--<textureslidernibfocus border="18">OSD/ScrollbarNibFO.png</textureslidernibfocus>-->
        <!--<showonepage>true</showonepage>-->
        <!--<orientation>vertical</orientation>-->
        <!--<onleft>noop</onleft>-->
        <!--<onright>120</onright>-->
      <!--</control>-->
    </control>
  </controls>
</window>