<?xml version="1.0" encoding="UTF-8"?>
<window type="dialog">
  <coordinates>
    <system>1</system>
    <posx>0</posx>
    <posy>0</posy>
  </coordinates>
  <controls>
    <include>DimBG</include>
    <control type="progress" id="10" description="Progress bar">
        <posx>708</posx>
        <posy>550</posy>
        <width>150</width>
        <height>8</height>
        <texturebg>-</texturebg>
        <midtexture>-</midtexture>
        <righttexture>-</righttexture>
        <lefttexture>-</lefttexture>
    </control>
    <control type="group" description="loading">
        <posx>850</posx>
        <posy>400</posy>
        <control type="image">
          <description>Busy animation</description>
          <left>0</left>
          <top>0</top>
          <width>220</width>
          <height>220</height>
          <texture>dialogs/busy/static_busy.png</texture>
          <aspectratio>keep</aspectratio>
        </control>
        <control type="image">
          <description>Busy animation</description>
          <left>0</left>
          <top>0</top>
          <width>220</width>
          <height>220</height>
          <texture>dialogs/busy/animation_1.png</texture>
          <aspectratio>keep</aspectratio>
          <animation effect="rotate" start="0" end="360" center="auto" time="2500" loop="true" condition="true">conditional</animation>
        </control>
        <control type="image">
          <description>Busy animation</description>
          <left>0</left>
          <top>0</top>
          <width>220</width>
          <height>220</height>
          <texture>dialogs/busy/animation_2.png</texture>
          <aspectratio>keep</aspectratio>
          <animation effect="rotate" start="0" end="-360" center="auto" time="2500" loop="true" condition="true">conditional</animation>
        </control>  

		<control type="label" description="Progress label">
			<visible>!IntegerGreaterThan(Control.GetLabel(10), 0)</visible>
			<posx>0</posx>
			<posy>200</posy>
			<width>220</width>
			<height>70</height>
			<align>center</align>
			<textcolor>Orange</textcolor>
			<label>Loading</label>
		  </control>
		
      </control>
	  
	  <!--
    <control type="group" description="Content">
      <animation effect="slide" start="0,0" end="0,-124" time="200">WindowOpen</animation>
      <posy>604</posy>
      <control type="image" description="Background">
        <posx>708</posx>
        <posy>546</posy>
        <width>504</width>
        <height>54</height>
        <texture border="48,24,48,0">dialogs/BusyBG.png</texture>
      </control>
      
      <control type="label" id="1" description="Progress label">
        <visible>IntegerGreaterThan(Control.GetLabel(10), 0)</visible>
        <posx>708</posx>
        <posy>539</posy>
        <width>504</width>
        <height>70</height>
        <align>center</align>
        <textcolor>Orange</textcolor>
        <label>$LOCALIZE[31979]$INFO[Control.GetLabel(10), ,%]</label>
      </control>
    <control type="label" description="Progress label">
        <visible>!IntegerGreaterThan(Control.GetLabel(10), 0)</visible>
    <posx>708</posx>
        <posy>539</posy>
        <width>504</width>
        <height>70</height>
        <align>center</align>
        <textcolor>Orange</textcolor>
        <label>$LOCALIZE[31979]</label>
      </control>
    </control>
	-->
  </controls>
</window>