<window>
  <defaultcontrol>61</defaultcontrol>
  <zorder>-1</zorder>
  <include>OpenClose</include>
  <controls>
    <include>DimBG</include>
    <control type="group" description="Content">
      <include>DialogOpenClose</include>
      <control type="image">
        <posx>360</posx>
        <posy>20</posy>
        <width>1200</width>
        <height>1040</height>
        <texture>dialogs/DialogBG.png</texture>
      </control>
      <control type="label" id="1" description="Header">
        <posx>0</posx>
        <posy>60</posy>
        <width>1920</width>
        <height>90</height>
        <align>center</align>
        <font>size22</font>
        <textcolor>Orange</textcolor>
      </control>
      <!--<control type="label" id="3" description="Header2">-->
        <!--<posx>0</posx>-->
        <!--<posy>135</posy>-->
        <!--<width>1920</width>-->
        <!--<height>45</height>-->
        <!--<align>center</align>-->
        <!--<font>size22</font>-->
        <!--<textcolor>Orange</textcolor>-->
      <!--</control>-->
      <control type="textbox" id="2" description="TextArea">
        <posx>424</posx>
        <posy>170</posy>
        <width>1070</width>
        <height>750</height>
        <textcolor>FF888888</textcolor>
        <!--<font>Label2</font>-->
        <align>justify</align>
      </control>
      <control type="scrollbar" id="61">
        <posx>1523</posx>
        <posy>150</posy>
        <width>36</width>
        <height>790</height>
        <texturesliderbackground>-</texturesliderbackground>
        <texturesliderbar>-</texturesliderbar>
        <texturesliderbarfocus>-</texturesliderbarfocus>
        <textureslidernib border="18">OSD/ScrollbarNibNF.png</textureslidernib>
        <textureslidernibfocus border="18">OSD/ScrollbarNibFO.png</textureslidernibfocus>
        <showonepage>true</showonepage>
        <orientation>vertical</orientation>
        <onleft>11</onleft>
        <onright>11</onright>
      </control>

      <control type="button" id="11" description="Agree">
        <visible></visible>
        <posx>850</posx>
        <posy>950</posy>
        <height>60</height>
        <width>250</width>
        <label>Close</label>
        <textcolor>FF1F6C15</textcolor>
        <align>center</align>
        <pulseonselect>true</pulseonselect>
        <onleft>61</onleft>
        <onright>61</onright>
		<onup>61</onup>
		<ondown>61</ondown>
      </control>      
    </control>
  </controls>
</window>