<!--
<window>
	<allowoverlay>no</allowoverlay>
	<coordinates>
		<system>1</system>
		<posx>380</posx>
		<posy>0</posy>
	</coordinates>
	<controls>
		<control type="group" id="250">
			<animation effect="slide" start="900,0" end="0,0" time="500" tween="quadratic" easing="out">WindowOpen</animation>
			<animation effect="slide" start="0,0" end="900,0" time="500" tween="quadratic" easing="out">WindowClose</animation>
			<animation type="Conditional" condition="Control.HasFocus(150)" reversible="true">
				<effect type="slide" end="-250,0" time="400" />
			</animation>
			<control type="button" id="8999">
				<description>Fake button for mouse control</description>
				<posx>880</posx>
				<posy>0</posy>
				<width>20</width>
				<height>720</height>
				<label>-</label>
				<font>-</font>
				<texturenofocus>-</texturenofocus>
				<texturefocus>-</texturefocus>
				<onfocus>SetFocus(150)</onfocus>
				<visible>true</visible>
			</control>
			<control type="image">
				<description>media info background image</description>
				<posx>0</posx>
				<posy>0</posy>
				<width>1150</width>
				<height>720</height>
				<colordiffuse>BBFFFFFF</colordiffuse>
				<texture border="20,0,0,0" flipx="true">MediaBladeSub.png</texture>
			</control>
			<control type="button">
				<description>Close Window button</description>
				<posx>20</posx>
				<posy>0</posy>
				<width>64</width>
				<height>32</height>
				<label>-</label>
				<font>-</font>
				<onclick>PreviousMenu</onclick>
				<texturefocus>DialogCloseButton-focus.png</texturefocus>
				<texturenofocus>DialogCloseButton.png</texturenofocus>
				<onleft>101</onleft>
				<onright>101</onright>
				<onup>101</onup>
				<ondown>101</ondown>
				<visible>system.getbool(input.enablemouse)</visible>
			</control>
			<control type="group">
				<control type="label">
					<description>header label</description>
					<posx>880</posx>
					<posy>80</posy>
					<width>550</width>
					<height>30</height>
					<font>font30_title</font>
					<label>[B]My Video Library SUBTITLES[/B]</label>
					<align>right</align>
					<aligny>center</aligny>
					<textcolor>FFFFFFFF</textcolor>
					<shadowcolor>FF000000</shadowcolor>
				</control>
				<control type="label">
					<description>Video label</description>
					<posx>880</posx>
					<posy>110</posy>
					<width>550</width>
					<height>30</height>
					<font>font13_title</font>
					<label>$INFO[VideoPlayer.Title]</label>
					<align>right</align>
					<aligny>center</aligny>
					<textcolor>grey</textcolor>
					<shadowcolor>FF000000</shadowcolor>
				</control>
				<control type="image">
					<posx>30</posx>
					<posy>140</posy>
					<width>820</width>
					<height>4</height>
					<texture>default-separatorOSD.png</texture>
				</control>
				<control type="image" id="110">
					<description>Service Logo</description>
					<posx>0</posx>
					<posy>80</posy>
					<width>250</width>
					<height>40</height>
					<aspectratio>keep</aspectratio>
				</control>
				<control type="label" id="100">
					<description>textarea</description>
					<posx>50</posx>
					<posy>140</posy>
					<width>780</width>
					<height>40</height>
					<font>font13</font>
					<textcolor>FFFFFFFF</textcolor>
					<align>center</align>
					<aligny>center</aligny>
					<wrapmultiline>true</wrapmultiline>
				</control>
				<control type="image">
					<posx>30</posx>
					<posy>176</posy>
					<width>820</width>
					<height>4</height>
					<texture>default-separatorOSD.png</texture>
				</control>
			</control>
			<!-- ** Required ** Do not change <id>or<type>-->

			<!--
			<control type="group">
				<control type="list" id="120">
					<posx>50</posx>
					<posy>206</posy>
					<width>800</width>
					<height>434</height>
					<onleft>121</onleft>
					<onright>150</onright>
					<onup>120</onup>
					<ondown>120</ondown>
					<viewtype label="535">list</viewtype>
					<pagecontrol>121</pagecontrol>
					<scrolltime>200</scrolltime>
					<itemlayout width="800" height="36">
						<control type="image">
							<posx>0</posx>
							<posy>0</posy>
							<width>780</width>
							<height>38</height>
							<texture>default-list-nofocus.png</texture>
						</control>
						<control type="image">
							<posx>5</posx>
							<posy>11</posy>
							<width>26</width>
							<height>17</height>
							<info>Listitem.Thumb</info>
						</control>
						<control type="label">
							<posx>40</posx>
							<posy>0</posy>
							<width>90</width>
							<height>38</height>
							<font>font18</font>
							<aligny>center</aligny>
							<textcolor>FFFFFFFF</textcolor>
							<selectedcolor>FF0084FF</selectedcolor>
							<align>left</align>
							<info>ListItem.Label</info>
						</control>
						<control type="image">
							<posx>135</posx>
							<posy>13</posy>
							<width>20</width>
							<height>12</height>
							<texture>icon_close_caption.png</texture>
							<visible>ListItem.property(hearing_imp)</visible>
						</control>
						<control type="image">
							<posx>160</posx>
							<posy>13</posy>
							<width>40</width>
							<height>12</height>
							<texture>icon_sync.png</texture>
							<visible>ListItem.property(sync)</visible>
						</control>
						<control type="label">
							<posx>205</posx>
							<posy>0</posy>
							<width>495</width>
							<height>38</height>
							<font>font18</font>
							<aligny>center</aligny>
							<textcolor>FFFFFFFF</textcolor>
							<selectedcolor>FF0084FF</selectedcolor>
							<align>left</align>
							<info>ListItem.Label2</info>
						</control>
						<control type="image">
							<posx>710</posx>
							<posy>11</posy>
							<width>90</width>
							<height>17</height>
							<texture>info_window_icon_rating_star_$INFO[ListItem.ActualIcon].png</texture>
						</control>
					</itemlayout>
					<focusedlayout width="800" height="36">
						<control type="image">
							<posx>0</posx>
							<posy>0</posy>
							<width>780</width>
							<height>38</height>
							<texture>default-list-nofocus.png</texture>
						</control>
						<control type="image">
							<posx>0</posx>
							<posy>0</posy>
							<width>780</width>
							<height>38</height>
							<texture>default-list-focus.png</texture>
							<visible>Control.HasFocus(120)</visible>
						</control>
						<control type="image">
							<posx>5</posx>
							<posy>11</posy>
							<width>26</width>
							<height>17</height>
							<info>Listitem.Thumb</info>
						</control>
						<control type="label">
							<posx>40</posx>
							<posy>0</posy>
							<width>90</width>
							<height>38</height>
							<font>font18</font>
							<aligny>center</aligny>
							<textcolor>FFFFFFFF</textcolor>
							<selectedcolor>FF0084FF</selectedcolor>
							<align>left</align>
							<info>ListItem.Label</info>
						</control>
						<control type="image">
							<posx>135</posx>
							<posy>13</posy>
							<width>20</width>
							<height>12</height>
							<texture>icon_close_caption.png</texture>
							<visible>ListItem.property(hearing_imp)</visible>
						</control>
						<control type="image">
							<posx>160</posx>
							<posy>13</posy>
							<width>40</width>
							<height>12</height>
							<texture>icon_sync.png</texture>
							<visible>ListItem.property(sync)</visible>
						</control>
						<control type="label">
							<posx>205</posx>
							<posy>0</posy>
							<width>495</width>
							<height>38</height>
							<font>font18</font>
							<aligny>center</aligny>
							<textcolor>FFFFFFFF</textcolor>
							<selectedcolor>FF0084FF</selectedcolor>
							<align>left</align>
							<info>ListItem.Label2</info>
						</control>
						<control type="image">
							<posx>710</posx>
							<posy>11</posy>
							<width>90</width>
							<height>17</height>
							<texture>info_window_icon_rating_star_$INFO[ListItem.ActualIcon].png</texture>
						</control>
					</focusedlayout>
				</control>
				<control type="spincontrol" id="121">
					<description>Next page button</description>
					<posx>808</posx>
					<posy>664</posy>
					<width>20</width>
					<height>20</height>
					<font>font13</font>
					<align>right</align>
					<aligny>center</aligny>
					<subtype>page</subtype>
					<textcolor>FFFFFFFF</textcolor>
					<onleft>120</onleft>
					<onright>120</onright>
					<ondown>120</ondown>
					<onup>120</onup>
					<textoffsetx>10</textoffsetx>
					<textureup>default-scroll-up.png</textureup>
					<texturedown>default-scroll-down.png</texturedown>
					<textureupfocus>default-scroll-up-focus.png</textureupfocus>
					<texturedownfocus>default-scroll-down-focus.png</texturedownfocus>
					<showonepage>false</showonepage>
					<visible>Control.IsVisible(120)</visible>
				</control>
			
				<control type="group" id="111">
					<control type="grouplist">
						<posx>20</posx>
						<posy>660</posy>
						<width>305</width>
						<height>40</height>
						<align>right</align>
						<orientation>horizontal</orientation>
						<itemgap>5</itemgap>
						<control type="image">
							<width>40</width>
							<height>40</height>
							<texture>default_icon_info.png</texture>
						</control>
						<control type="label">
							<description>notification</description>
							<width min="10" max="260">auto</width>
							<height>40</height>
							<font>font13</font>
							<textcolor>FFFFFFFF</textcolor>
							<label>$ADDON[script.xbmc.subtitles 655]</label>
							<aligny>center</aligny>
							<wrapmultiline>true</wrapmultiline>
						</control>
					</control>
				</control>

				<control type="image">
					<posx>866</posx>
					<posy>348</posy>
					<width>24</width>
					<height>24</height>
					<texture>nav-right.png</texture>
				</control>
			</control>
			<control type="group">
				<control type="image">
					<description>separator</description>
					<posx>542</posx>
					<posy>360</posy>
					<width>720</width>
					<height>4</height>
					<texture>default-separatorOSD.png</texture>
					<animation effect="rotate" start="0" end="90" center="auto" time="0" condition="true">Conditional</animation>		
				</control>
				<control type="label">
					<description>XBMC Subtitles label</description>
					<posx>905</posx>
					<posy>150</posy>
					<width>240</width>
					<height>26</height>
					<label>[B]$ADDON[script.xbmc.subtitles 760][/B]</label>
					<font>font13</font>
					<align>center</align>
					<aligny>top</aligny>
					<textcolor>FFEB9E17</textcolor>
					<shadowcolor>FF000000</shadowcolor>
					<wrapmultiline>true</wrapmultiline>
				</control>
				<control type="image">
					<description>separator</description>
					<posx>900</posx>
					<posy>176</posy>
					<width>240</width>
					<height>4</height>
					<texture>default-separatorOSD.png</texture>
				</control>
				<control type="list" id="150">
					<posx>900</posx>
					<posy>206</posy>
					<width>250</width>
					<height>434</height>
					<onleft>120</onleft>
					<onright>120</onright>
					<onup>150</onup>
					<ondown>150</ondown>
					<viewtype label="535">list</viewtype>
					<scrolltime>200</scrolltime>
					<itemlayout width="400" height="36">
						<control type="image">
							<posx>0</posx>
							<posy>0</posy>
							<width>230</width>
							<height>38</height>
							<texture>default-list-nofocus.png</texture>
						</control>
						<control type="label">
							<posx>40</posx>
							<posy>0</posy>
							<width>230</width>
							<height>38</height>
							<font>font18</font>
							<aligny>center</aligny>
							<textcolor>FFFFFFFF</textcolor>
							<selectedcolor>FF0084FF</selectedcolor>
							<align>left</align>
							<info>ListItem.Label</info>
							<visible>!ListItem.property(man)</visible>
						</control>
						<control type="label">
							<posx>40</posx>
							<posy>0</posy>
							<width>230</width>
							<height>38</height>
							<font>font10</font>
							<aligny>center</aligny>
							<textcolor>FF009CFF</textcolor>
							<selectedcolor>FF0084FF</selectedcolor>
							<align>left</align>
							<info>ListItem.Label</info>
							<visible>ListItem.property(man)</visible>
						</control>
					</itemlayout>
					<focusedlayout width="400" height="36">
						<control type="image">
							<posx>0</posx>
							<posy>0</posy>
							<width>230</width>
							<height>38</height>
							<texture>default-list-nofocus.png</texture>
						</control>
						<control type="image">
							<posx>10</posx>
							<posy>0</posy>
							<width>230</width>
							<height>38</height>
							<texture>default-list-focus.png</texture>
							<visible>Control.HasFocus(150)</visible>
						</control>
						<control type="label">
							<posx>40</posx>
							<posy>0</posy>
							<width>230</width>
							<height>38</height>
							<font>font18</font>
							<aligny>center</aligny>
							<textcolor>FFFFFFFF</textcolor>
							<selectedcolor>FF0084FF</selectedcolor>
							<align>left</align>
							<info>ListItem.Label</info>
							<visible>!ListItem.property(man)</visible>
						</control>
						<control type="label">
							<posx>40</posx>
							<posy>0</posy>
							<width>230</width>
							<height>38</height>
							<font>font10</font>
							<aligny>center</aligny>
							<textcolor>FF009CFF</textcolor>
							<selectedcolor>FF0084FF</selectedcolor>
							<align>left</align>
							<info>ListItem.Label</info>
							<visible>ListItem.property(man)</visible>
						</control>
					</focusedlayout>
				</control>
			</control>
		</control>
	</controls>
</window>
-->